Type,Name,Request Count,Failure Count,Median Response Time,Average Response Time,Min Response Time,Max Response Time,Average Content Size,Requests/s,Failures/s,50%,66%,75%,80%,90%,95%,98%,99%,99.9%,99.99%,100%
POST,[Auth] signInWithPassword,1000,0,930.0,7619.195423198923,239.8494000080973,42280.853100004606,1466.0,0.97938528249613,0.0,940,1700,12000,16000,29000,35000,40000,41000,42000,42000,42000
GET,[Chat] getChatDoc,15006,0,1000.0,906.785991623267,93.60509997350164,42629.750099993544,1004.3129414900707,14.696655549136928,0.0,1000,1300,1400,1500,1600,1700,1900,1900,12000,42000,43000
GET,[Chat] getHistory,51623,0,1100.0,950.6806847373031,102.43179998360574,42625.09690001025,36754.186660984444,50.55880643829772,0.0,1100,1400,1500,1500,1700,1800,1900,2000,29000,42000,43000
POST,[Chat] listMyChats,29986,0,1100.0,942.5323687920426,94.72599998116493,41842.54179999698,1147.20199426399,29.367847080928954,0.0,1100,1400,1500,1500,1700,1800,1900,2000,23000,42000,42000
PATCH,[Chat] markAsRead,15003,0,810.0,738.6598411718358,94.98140000505373,3666.549899993697,1004.3234686396054,14.693717393289438,0.0,810,1100,1200,1300,1400,1500,1600,1600,1900,3300,3700
POST,[Chat] sendMessage,62223,0,1100.0,973.5055968612606,107.19049998442642,42421.48660001112,635.3800202497468,60.9402904327567,0.0,1100,1400,1500,1600,1700,1800,2000,2000,24000,42000,42000
PATCH,[Chat] updateChatMetadata,62199,0,820.0,746.6675181690665,107.85099997883663,5823.465399997076,1004.2494573867747,60.91678518597679,0.0,820,1100,1200,1200,1400,1500,1600,1600,2000,3600,5800
,Aggregated,237040,0,940.0,914.0428447750895,93.60509997350164,42629.750099993544,8713.147675497807,232.15348736288266,0.0,940,1300,1400,1500,1600,1700,1900,2000,29000,42000,43000
